INSERT INTO bank (bank_id, name, nationality, residence) VALUES (1, 'Komereční banka','Česká republika','Brno');
INSERT INTO bank (bank_id, name, nationality, residence) VALUES (2, 'Česká spořitelna','Česká republika','Praha');
INSERT INTO bank (bank_id, name, nationality, residence) VALUES (3,'ČSOB','Česká republika','Olomouc');
INSERT INTO bank (bank_id, name, nationality, residence) VALUES (4, 'mBANK','Česká republika','Jihlava');
INSERT INTO bank (bank_id, name, nationality, residence) VALUES (5, 'Equa Bank','Česká republika','Praha');
INSERT INTO bank (bank_id, name, nationality, residence) VALUES (6, 'Air Bank','Česká republika','Uherské Hradiště');

INSERT INTO insurance (insurance_id, extra_price, theft, accident, rubbing, lost_keys) VALUES (1, 0.001,TRUE, FALSE, FALSE, FALSE);
INSERT INTO insurance (insurance_id, extra_price, theft, accident, rubbing, lost_keys) VALUES (2, 0.005,TRUE, TRUE, FALSE, FALSE);
INSERT INTO insurance (insurance_id, extra_price, theft, accident, rubbing, lost_keys) VALUES (3, 0.007,TRUE, TRUE, TRUE, FALSE);
INSERT INTO insurance (insurance_id, extra_price, theft, accident, rubbing, lost_keys) VALUES (4, 0.007,TRUE, FALSE, TRUE, TRUE);
INSERT INTO insurance (insurance_id, extra_price, theft, accident, rubbing, lost_keys) VALUES (5, 0.007,TRUE, TRUE, FALSE, TRUE);
INSERT INTO insurance (insurance_id, extra_price, theft, accident, rubbing, lost_keys) VALUES (6, 0.007,TRUE, FALSE, FALSE, TRUE);
INSERT INTO insurance (insurance_id, extra_price, theft, accident, rubbing, lost_keys) VALUES (7, 0.008,TRUE, FALSE, TRUE, FALSE);
INSERT INTO insurance (insurance_id, extra_price, theft, accident, rubbing, lost_keys) VALUES (8, 0.13,TRUE, TRUE, TRUE, TRUE);

INSERT INTO brand (brand_id, name, model, year, color, capacity, concern, country) VALUES (1, 'Suzuki', 'Swift Sport', 2020, 'yellow', 5, 'Toyota', 'Japan');
INSERT INTO brand (brand_id, name, model, year, color, capacity, concern, country) VALUES (2, 'Toyota', 'Supra', 2000, 'black', 2, 'Toyota', 'Japan');
INSERT INTO brand (brand_id, name, model, year, color, capacity, concern, country) VALUES (3, 'Audi', 'TT', 2021, 'blue', 2, 'VW Group', 'Germany');
INSERT INTO brand (brand_id, name, model, year, color, capacity, concern, country) VALUES (4, 'Audi', 'RS6', 2019, 'grey', 5, 'VW Group', 'Germany');
INSERT INTO brand (brand_id, name, model, year, color, capacity, concern, country) VALUES (5, 'Škoda', 'Octavia RS', 2021, 'green', 5, 'VW Group', 'Czech republic');
INSERT INTO brand (brand_id, name, model, year, color, capacity, concern, country) VALUES (6, 'Volkswagen', 'Golf GTI', 2021, 'white', 5, 'VW Group', 'Germany');
INSERT INTO brand (brand_id, name, model, year, color, capacity, concern, country) VALUES (7, 'Volkswagen', 'Golf R', 2021, 'blue', 5, 'VW Group', 'Germany');
INSERT INTO brand (brand_id, name, model, year, color, capacity, concern, country) VALUES (8, 'Volkswagen', 'Passat', 2019, 'silver', 5, 'VW Group', 'Germany');
INSERT INTO brand (brand_id, name, model, year, color, capacity, concern, country) VALUES (9, 'Volkswagen', 'Arteon', 2020, 'yellow', 5, 'VW Group', 'Germany');
INSERT INTO brand (brand_id, name, model, year, color, capacity, concern, country) VALUES (10, 'Volkswagen', 'Golf Variant', 2018, 'black', 5, 'VW Group', 'Germany');
INSERT INTO brand (brand_id, name, model, year, color, capacity, concern, country) VALUES (11, 'Volkswagen', 'Passat', 2000, 'blue', 5, 'VW Group', 'Germany');
INSERT INTO brand (brand_id, name, model, year, color, capacity, concern, country) VALUES (12, 'Volkswagen', 'Golf', 2003, 'silver', 5, 'VW Group', 'Germany');
INSERT INTO brand (brand_id, name, model, year, color, capacity, concern, country) VALUES (13, 'Volkswagen', 'Bora', 2001, 'silver', 5, 'VW Group', 'Germany');
INSERT INTO brand (brand_id, name, model, year, color, capacity, concern, country) VALUES (14, 'Volkswagen', 'Jetta', 1995, 'black', 5, 'VW Group', 'Germany');
INSERT INTO brand (brand_id, name, model, year, color, capacity, concern, country) VALUES (15, 'Volkswagen', 'T-Roc', 2019, 'blue', 5, 'VW Group', 'Germany');
INSERT INTO brand (brand_id, name, model, year, color, capacity, concern, country) VALUES (16, 'Volkswagen', 'Polo', 2020, 'red', 5, 'VW Group', 'Germany');
INSERT INTO brand (brand_id, name, model, year, color, capacity, concern, country) VALUES (17, 'Volkswagen', 'T-Cross', 2021, 'black', 5, 'VW Group', 'Germany');
INSERT INTO brand (brand_id, name, model, year, color, capacity, concern, country) VALUES (18, 'Volkswagen', 'Multivan', 2021, 'blue', 7, 'VW Group', 'Germany');
INSERT INTO brand (brand_id, name, model, year, color, capacity, concern, country) VALUES (19, 'Nissan', 'Skyline R33', 1995, 'white', 2, 'Nissan', 'Japan');
INSERT INTO brand (brand_id, name, model, year, color, capacity, concern, country) VALUES (20, 'Nissan', 'Skyline R34', 2000, 'blue', 2, 'Nissan', 'Japan');
INSERT INTO brand (brand_id, name, model, year, color, capacity, concern, country) VALUES (21, 'Bentley', 'Continental GT', 2018, 'grey', 2, 'VW Group', 'UK');
INSERT INTO brand (brand_id, name, model, year, color, capacity, concern, country) VALUES (22, 'Rolls-Royce', 'Ghost', 2020, 'white', 4, 'BMW', 'UK');
INSERT INTO brand (brand_id, name, model, year, color, capacity, concern, country) VALUES (23, 'BMW', '3 (e36)', 1992, 'silver', 5, 'BMW', 'Germany');
INSERT INTO brand (brand_id, name, model, year, color, capacity, concern, country) VALUES (24, 'BMW', '3 (e36)', 1997, 'green', 5, 'BMW', 'Germany');
INSERT INTO brand (brand_id, name, model, year, color, capacity, concern, country) VALUES (25, 'BMW', '3 (e46)', 2001, 'black', 5, 'BMW', 'Germany');
INSERT INTO brand (brand_id, name, model, year, color, capacity, concern, country) VALUES (26, 'BMW', '3 (e46)', 2000, 'white', 5, 'BMW', 'Germany');
INSERT INTO brand (brand_id, name, model, year, color, capacity, concern, country) VALUES (27, 'BMW', 'M3 (e46)', 2002, 'black', 5, 'BMW', 'Germany');
INSERT INTO brand (brand_id, name, model, year, color, capacity, concern, country) VALUES (28, 'BMW', 'M3 (e36)', 1995, 'white', 5, 'BMW', 'Germany');
INSERT INTO brand (brand_id, name, model, year, color, capacity, concern, country) VALUES (29, 'BMW', '5 (e34)', 1992, 'white', 5, 'BMW', 'Germany');
INSERT INTO brand (brand_id, name, model, year, color, capacity, concern, country) VALUES (30, 'BMW', '5 (e39)', 2000, 'blue', 5, 'BMW', 'Germany');
INSERT INTO brand (brand_id, name, model, year, color, capacity, concern, country) VALUES (31, 'BMW', 'M5 (e39)', 2000, 'blue', 5, 'BMW', 'Germany');
INSERT INTO brand (brand_id, name, model, year, color, capacity, concern, country) VALUES (32, 'BMW', '3 (e92)', 2007, 'white', 4, 'BMW', 'Germany');
INSERT INTO brand (brand_id, name, model, year, color, capacity, concern, country) VALUES (33, 'BMW', 'M3 (e92)', 2006, 'purple', 4, 'BMW', 'Germany');
INSERT INTO brand (brand_id, name, model, year, color, capacity, concern, country) VALUES (34, 'BMW', '3 (e91)', 2006, 'grey', 5, 'BMW', 'Germany');
INSERT INTO brand (brand_id, name, model, year, color, capacity, concern, country) VALUES (35, 'BMW', '3 (f80)', 2016, 'purple', 5, 'BMW', 'Germany');
INSERT INTO brand (brand_id, name, model, year, color, capacity, concern, country) VALUES (36, 'BMW', 'M3 (f80)', 2017, 'khaki', 5, 'BMW', 'Germany');
INSERT INTO brand (brand_id, name, model, year, color, capacity, concern, country) VALUES (37, 'BMW', 'M3 (f80)', 2018, 'green', 5, 'BMW', 'Germany');
INSERT INTO brand (brand_id, name, model, year, color, capacity, concern, country) VALUES (38, 'BMW', 'M3 (g80)', 2020, 'green', 5, 'BMW', 'Germany');
INSERT INTO brand (brand_id, name, model, year, color, capacity, concern, country) VALUES (39, 'BMW', 'M3 (g80)', 2021, 'blue', 5, 'BMW', 'Germany');
INSERT INTO brand (brand_id, name, model, year, color, capacity, concern, country) VALUES (40, 'BMW', 'M4 (g82)', 2021, 'yellow', 4, 'BMW', 'Germany');
INSERT INTO brand (brand_id, name, model, year, color, capacity, concern, country) VALUES (41, 'BMW', 'M4 (g82)', 2021, 'white', 4, 'BMW', 'Germany');
INSERT INTO brand (brand_id, name, model, year, color, capacity, concern, country) VALUES (42, 'Mercedes-Benz', 'E Klasse', 2003, 'silver', 5, 'Mercedes-Benz', 'Germany');
INSERT INTO brand (brand_id, name, model, year, color, capacity, concern, country) VALUES (43, 'Mercedes-Benz', 'C Klasse', 2002, 'silver', 5, 'Mercedes-Benz', 'Germany');
INSERT INTO brand (brand_id, name, model, year, color, capacity, concern, country) VALUES (44, 'Škoda', 'Octavia Combi', 2020, 'silver', 5, 'VW Group', 'Czech republic');
INSERT INTO brand (brand_id, name, model, year, color, capacity, concern, country) VALUES (45, 'Škoda', 'Octavia', 2021, 'blue', 5, 'VW Group', 'Czech republic');
INSERT INTO brand (brand_id, name, model, year, color, capacity, concern, country) VALUES (46, 'Škoda', 'Octavia', 2021, 'red', 5, 'VW Group', 'Czech republic');
INSERT INTO brand (brand_id, name, model, year, color, capacity, concern, country) VALUES (47, 'Škoda', 'Octavia Combi', 2021, 'black', 5, 'VW Group', 'Czech republic');
INSERT INTO brand (brand_id, name, model, year, color, capacity, concern, country) VALUES (48, 'Honda', 'Civic', 1992, 'blue', 5, 'Honda', 'Japan');
INSERT INTO brand (brand_id, name, model, year, color, capacity, concern, country) VALUES (49, 'Honda', 'Civic', 2000, 'silver', 5, 'Honda', 'Japan');
INSERT INTO brand (brand_id, name, model, year, color, capacity, concern, country) VALUES (50, 'Porsche', '911 GT3 RS', 2021, 'yellow', 2, 'VW Group', 'Germany');
INSERT INTO brand (brand_id, name, model, year, color, capacity, concern, country) VALUES (51, 'Porsche', '911 Turbo S', 2020, 'orange', 2, 'VW Group', 'Germany');

INSERT INTO equipment (equipment_id, number_of_doors, interior_material, has_automatic_transmition, has_ABS, has_EDS, has_parking_assistent, has_tempomat, has_parking_sensors, has_airbags, has_power_steering_wheel, has_air_conditioning, has_tuning, has_usb) VALUES (1, 2,'fabric', FALSE, TRUE, TRUE, TRUE, TRUE, TRUE, TRUE, TRUE, TRUE,TRUE, TRUE);
INSERT INTO equipment (equipment_id, number_of_doors, interior_material, has_automatic_transmition, has_ABS, has_EDS, has_parking_assistent, has_tempomat, has_parking_sensors, has_airbags, has_power_steering_wheel, has_air_conditioning, has_tuning, has_usb) VALUES (2, 4,'fabric', FALSE, TRUE, TRUE, TRUE, TRUE, TRUE, TRUE, TRUE, TRUE,TRUE, TRUE);
INSERT INTO equipment (equipment_id, number_of_doors, interior_material, has_automatic_transmition, has_ABS, has_EDS, has_parking_assistent, has_tempomat, has_parking_sensors, has_airbags, has_power_steering_wheel, has_air_conditioning, has_tuning, has_usb) VALUES (3, 2,'leather', TRUE, TRUE, TRUE, TRUE, TRUE, TRUE, TRUE, TRUE, TRUE,TRUE, TRUE);
INSERT INTO equipment (equipment_id, number_of_doors, interior_material, has_automatic_transmition, has_ABS, has_EDS, has_parking_assistent, has_tempomat, has_parking_sensors, has_airbags, has_power_steering_wheel, has_air_conditioning, has_tuning, has_usb) VALUES (4, 4,'leather', TRUE, TRUE, TRUE, TRUE, TRUE, TRUE, TRUE, TRUE, TRUE,TRUE, TRUE);
INSERT INTO equipment (equipment_id, number_of_doors, interior_material, has_automatic_transmition, has_ABS, has_EDS, has_parking_assistent, has_tempomat, has_parking_sensors, has_airbags, has_power_steering_wheel, has_air_conditioning, has_tuning, has_usb) VALUES (5, 2,'fabric', FALSE, TRUE, TRUE, TRUE, TRUE, TRUE, TRUE, TRUE, FALSE, TRUE, FALSE);
INSERT INTO equipment (equipment_id, number_of_doors, interior_material, has_automatic_transmition, has_ABS, has_EDS, has_parking_assistent, has_tempomat, has_parking_sensors, has_airbags, has_power_steering_wheel, has_air_conditioning, has_tuning, has_usb) VALUES (6, 4,'fabric', FALSE, TRUE, TRUE, TRUE, TRUE, TRUE, TRUE, TRUE, FALSE, TRUE, FALSE);

INSERT INTO tuning (tuning_id, mm_lowering, has_sport_intake, has_sport_seats, has_modified_exhaust, has_ceramic_clutch, has_hydro_handbrake, has_sport_suspention, has_wheel_spacers) VALUES (1, 20, TRUE, TRUE, TRUE, FALSE, FALSE, TRUE, TRUE);
INSERT INTO tuning (tuning_id, mm_lowering, has_sport_intake, has_sport_seats, has_modified_exhaust, has_ceramic_clutch, has_hydro_handbrake, has_sport_suspention, has_wheel_spacers) VALUES (2, 30, TRUE, TRUE, TRUE, TRUE, FALSE, TRUE, TRUE);
INSERT INTO tuning (tuning_id, mm_lowering, has_sport_intake, has_sport_seats, has_modified_exhaust, has_ceramic_clutch, has_hydro_handbrake, has_sport_suspention, has_wheel_spacers) VALUES (3, 20, FALSE, TRUE, FALSE, FALSE, FALSE, TRUE, TRUE);
INSERT INTO tuning (tuning_id, mm_lowering, has_sport_intake, has_sport_seats, has_modified_exhaust, has_ceramic_clutch, has_hydro_handbrake, has_sport_suspention, has_wheel_spacers) VALUES (4, 0, FALSE, FALSE, FALSE, FALSE, FALSE, FALSE, TRUE);
INSERT INTO tuning (tuning_id, mm_lowering, has_sport_intake, has_sport_seats, has_modified_exhaust, has_ceramic_clutch, has_hydro_handbrake, has_sport_suspention, has_wheel_spacers) VALUES (5, 30, TRUE, TRUE, TRUE, FALSE, TRUE, TRUE, TRUE);

INSERT INTO engine (engine_id, ccm_volume, kW_performance, Nm_torque, has_four_wheel_drive, has_turbo, name) VALUES (1, 1373, 103, 230, FALSE, TRUE, 'ZC33S');
INSERT INTO engine (engine_id, ccm_volume, kW_performance, Nm_torque, has_four_wheel_drive, has_turbo, name) VALUES (2, 2997, 243, 441, FALSE, TRUE, '2JZ-GTE');
INSERT INTO engine (engine_id, ccm_volume, kW_performance, Nm_torque, has_four_wheel_drive, has_turbo) VALUES (3, 1498, 110, 250, FALSE, TRUE);
INSERT INTO engine (engine_id, ccm_volume, kW_performance, Nm_torque, has_four_wheel_drive, has_turbo, name) VALUES (4, 1896, 96, 310, FALSE, TRUE, 'ASZ');
INSERT INTO engine (engine_id, ccm_volume, kW_performance, Nm_torque, has_four_wheel_drive, has_turbo) VALUES (5, 3996, 441, 800, TRUE, TRUE);
INSERT INTO engine (engine_id, ccm_volume, kW_performance, Nm_torque, has_four_wheel_drive, has_turbo) VALUES (6, 1968, 169, 350, FALSE, TRUE);
INSERT INTO engine (engine_id, ccm_volume, kW_performance, Nm_torque, has_four_wheel_drive, has_turbo) VALUES (7, 1984, 221, 400, FALSE, TRUE);
INSERT INTO engine (engine_id, ccm_volume, kW_performance, Nm_torque, has_four_wheel_drive, has_turbo) VALUES (8, 1984, 235, 420, TRUE, TRUE);
INSERT INTO engine (engine_id, ccm_volume, kW_performance, Nm_torque, has_four_wheel_drive, has_turbo, name) VALUES (9, 2568, 350, 501, FALSE, TRUE, 'RB26DETT');
INSERT INTO engine (engine_id, ccm_volume, kW_performance, Nm_torque, has_four_wheel_drive, has_turbo) VALUES (10, 5950, 467, 900, TRUE, TRUE);
INSERT INTO engine (engine_id, ccm_volume, kW_performance, Nm_torque, has_four_wheel_drive, has_turbo) VALUES (11, 6593, 420, 820, TRUE, TRUE);
INSERT INTO engine (engine_id, ccm_volume, kW_performance, Nm_torque, has_four_wheel_drive, has_turbo) VALUES (12, 1785, 81, 150, FALSE, FALSE);
INSERT INTO engine (engine_id, ccm_volume, kW_performance, Nm_torque, has_four_wheel_drive, has_turbo) VALUES (13, 2496, 141, 211, FALSE, FALSE);
INSERT INTO engine (engine_id, ccm_volume, kW_performance, Nm_torque, has_four_wheel_drive, has_turbo) VALUES (14, 3198, 221, 350, FALSE, FALSE);
INSERT INTO engine (engine_id, ccm_volume, kW_performance, Nm_torque, has_four_wheel_drive, has_turbo) VALUES (15, 2993, 353, 550, FALSE, TRUE);
INSERT INTO engine (engine_id, ccm_volume, kW_performance, Nm_torque, has_four_wheel_drive, has_turbo) VALUES (16, 2148, 110, 300, FALSE, TRUE);
INSERT INTO engine (engine_id, ccm_volume, kW_performance, Nm_torque, has_four_wheel_drive, has_turbo) VALUES (17, 1386, 86, 163, FALSE, FALSE);
INSERT INTO engine (engine_id, ccm_volume, kW_performance, Nm_torque, has_four_wheel_drive, has_turbo) VALUES (18, 3996, 383, 470, FALSE, TRUE);
INSERT INTO engine (engine_id, ccm_volume, kW_performance, Nm_torque, has_four_wheel_drive, has_turbo) VALUES (19, 3800, 427, 700, TRUE, TRUE);

INSERT INTO credential (credential_id, ID_card_id, driving_licence_id, passport_id) VALUES (1, 205865645, 653125123, 98124124);
INSERT INTO credential (credential_id, ID_card_id, driving_licence_id, passport_id) VALUES (2, 205569663, 125124123, 7124125);
INSERT INTO credential (credential_id, ID_card_id, driving_licence_id, passport_id) VALUES (3, 203868555, 7124984, 5124125);
INSERT INTO credential (credential_id, ID_card_id, driving_licence_id) VALUES (4, 719231, 61299421);
INSERT INTO credential (credential_id, ID_card_id, driving_licence_id) VALUES (5, 202663656, 31268392);
INSERT INTO credential (credential_id, ID_card_id, driving_licence_id) VALUES (6, 201162464, 44327493);

INSERT INTO status (status_id, fuel, bodywork, mileage, has_winter_tyres, tuning_id, engine_id) VALUES (1, '100%', 'hatchback', 12000, 'FALSE', 1, 1);
INSERT INTO status (status_id, fuel, bodywork, mileage, has_winter_tyres, tuning_id, engine_id) VALUES (2, '100%', 'sedan', 12000, FALSE, 2, 2);
INSERT INTO status (status_id, fuel, bodywork, mileage, has_winter_tyres, tuning_id, engine_id) VALUES (3, '100%', 'coupe', 12000, FALSE, 2, 3);
INSERT INTO status (status_id, fuel, bodywork, mileage, has_winter_tyres, tuning_id, engine_id) VALUES (4, '100%', 'combi', 12000, FALSE, 2, 4);
INSERT INTO status (status_id, fuel, bodywork, mileage, has_winter_tyres, tuning_id, engine_id) VALUES (5, '100%', 'liftback', 12000, FALSE, 1, 5);
INSERT INTO status (status_id, fuel, bodywork, mileage, has_winter_tyres, tuning_id, engine_id) VALUES (6, '100%', 'hatchback', 12000, FALSE, 1, 6);
INSERT INTO status (status_id, fuel, bodywork, mileage, has_winter_tyres, tuning_id, engine_id) VALUES (7, '100%', 'hatchback', 12000, FALSE, 1, 7);
INSERT INTO status (status_id, fuel, bodywork, mileage, has_winter_tyres, tuning_id, engine_id) VALUES (8, '100%', 'sedan', 12000, FALSE, 3, 8);
INSERT INTO status (status_id, fuel, bodywork, mileage, has_winter_tyres, tuning_id, engine_id) VALUES (9, '100%', 'sedan', 12000, FALSE, 4, 9);
INSERT INTO status (status_id, fuel, bodywork, mileage, has_winter_tyres, tuning_id, engine_id) VALUES (10, '100%', 'combi', 12000, FALSE, 1, 10);
INSERT INTO status (status_id, fuel, bodywork, mileage, has_winter_tyres, tuning_id, engine_id) VALUES (11, '100%', 'sedan', 12000, FALSE, 2, 11);
INSERT INTO status (status_id, fuel, bodywork, mileage, has_winter_tyres, tuning_id, engine_id) VALUES (12, '100%', 'hatchback', 12000, FALSE, 1, 12);
INSERT INTO status (status_id, fuel, bodywork, mileage, has_winter_tyres, tuning_id, engine_id) VALUES (13, '100%', 'sedan', 12000, FALSE, 1, 13);
INSERT INTO status (status_id, fuel, bodywork, mileage, has_winter_tyres, tuning_id, engine_id) VALUES (14, '100%', 'sedan', 12000, FALSE, 1, 14);
INSERT INTO status (status_id, fuel, bodywork, mileage, has_winter_tyres, tuning_id, engine_id) VALUES (15, '100%', 'SUV', 12000, FALSE, 2, 15);
INSERT INTO status (status_id, fuel, bodywork, mileage, has_winter_tyres, tuning_id, engine_id) VALUES (16, '100%', 'hatchback', 12000, FALSE, 4, 16);
INSERT INTO status (status_id, fuel, bodywork, mileage, has_winter_tyres, tuning_id, engine_id) VALUES (17, '100%', 'SUV', 12000, FALSE, 4, 17);
INSERT INTO status (status_id, fuel, bodywork, mileage, has_winter_tyres, tuning_id, engine_id) VALUES (18, '100%', 'combi', 12000, FALSE, 1, 18);
INSERT INTO status (status_id, fuel, bodywork, mileage, has_winter_tyres, tuning_id, engine_id) VALUES (19, '100%', 'sedan', 12000, FALSE, 2, 19);
INSERT INTO status (status_id, fuel, bodywork, mileage, has_winter_tyres, tuning_id, engine_id) VALUES (20, '100%', 'sedan', 12000, FALSE, 2, 1);
INSERT INTO status (status_id, fuel, bodywork, mileage, has_winter_tyres, tuning_id, engine_id) VALUES (21, '100%', 'sedan', 12000, FALSE, 1, 2);
INSERT INTO status (status_id, fuel, bodywork, mileage, has_winter_tyres, tuning_id, engine_id) VALUES (22, '100%', 'sedan', 12000, FALSE, 1, 3);
INSERT INTO status (status_id, fuel, bodywork, mileage, has_winter_tyres, tuning_id, engine_id) VALUES (23, '100%', 'sedan', 12000, FALSE, 5, 4);
INSERT INTO status (status_id, fuel, bodywork, mileage, has_winter_tyres, tuning_id, engine_id) VALUES (24, '100%', 'sedan', 12000, FALSE, 5, 5);
INSERT INTO status (status_id, fuel, bodywork, mileage, has_winter_tyres, tuning_id, engine_id) VALUES (25, '100%', 'sedan', 12000, FALSE, 5, 6);
INSERT INTO status (status_id, fuel, bodywork, mileage, has_winter_tyres, tuning_id, engine_id) VALUES (26, '100%', 'sedan', 12000, FALSE, 2, 7);
INSERT INTO status (status_id, fuel, bodywork, mileage, has_winter_tyres, tuning_id, engine_id) VALUES (27, '100%', 'sedan', 12000, FALSE, 5, 8);
INSERT INTO status (status_id, fuel, bodywork, mileage, has_winter_tyres, tuning_id, engine_id) VALUES (28, '100%', 'sedan', 12000, FALSE, 2, 9);
INSERT INTO status (status_id, fuel, bodywork, mileage, has_winter_tyres, tuning_id, engine_id) VALUES (29, '100%', 'sedan', 12000, FALSE, 4, 9);
INSERT INTO status (status_id, fuel, bodywork, mileage, has_winter_tyres, tuning_id, engine_id) VALUES (30, '100%', 'sedan', 12000, FALSE, 2, 10);
INSERT INTO status (status_id, fuel, bodywork, mileage, has_winter_tyres, tuning_id, engine_id) VALUES (31, '100%', 'sedan', 12000, FALSE, 1, 11);
INSERT INTO status (status_id, fuel, bodywork, mileage, has_winter_tyres, tuning_id, engine_id) VALUES (32, '100%', 'sedan', 12000, FALSE, 4, 12);
INSERT INTO status (status_id, fuel, bodywork, mileage, has_winter_tyres, tuning_id, engine_id) VALUES (33, '100%', 'sedan', 12000, FALSE, 2, 13);
INSERT INTO status (status_id, fuel, bodywork, mileage, has_winter_tyres, tuning_id, engine_id) VALUES (34, '100%', 'sedan', 12000, FALSE, 4, 14);
INSERT INTO status (status_id, fuel, bodywork, mileage, has_winter_tyres, tuning_id, engine_id) VALUES (35, '100%', 'sedan', 12000, FALSE, 2, 15);
INSERT INTO status (status_id, fuel, bodywork, mileage, has_winter_tyres, tuning_id, engine_id) VALUES (36, '100%', 'sedan', 12000, FALSE, 1, 16);
INSERT INTO status (status_id, fuel, bodywork, mileage, has_winter_tyres, tuning_id, engine_id) VALUES (37, '100%', 'sedan', 12000, FALSE, 1, 17);
INSERT INTO status (status_id, fuel, bodywork, mileage, has_winter_tyres, tuning_id, engine_id) VALUES (38, '100%', 'sedan', 12000, FALSE, 4, 18);
INSERT INTO status (status_id, fuel, bodywork, mileage, has_winter_tyres, tuning_id, engine_id) VALUES (39, '100%', 'sedan', 12000, FALSE, 4, 19);
INSERT INTO status (status_id, fuel, bodywork, mileage, has_winter_tyres, tuning_id, engine_id) VALUES (40, '100%', 'sedan', 12000, FALSE, 4, 10);
INSERT INTO status (status_id, fuel, bodywork, mileage, has_winter_tyres, tuning_id, engine_id) VALUES (41, '100%', 'sedan', 12000, FALSE, 5, 11);
INSERT INTO status (status_id, fuel, bodywork, mileage, has_winter_tyres, tuning_id, engine_id) VALUES (42, '100%', 'sedan', 12000, FALSE, 1, 12);
INSERT INTO status (status_id, fuel, bodywork, mileage, has_winter_tyres, tuning_id, engine_id) VALUES (43, '100%', 'sedan', 12000, FALSE, 1, 13);
INSERT INTO status (status_id, fuel, bodywork, mileage, has_winter_tyres, tuning_id, engine_id) VALUES (44, '100%', 'combi', 12000, FALSE, 4, 14);
INSERT INTO status (status_id, fuel, bodywork, mileage, has_winter_tyres, tuning_id, engine_id) VALUES (45, '100%', 'liftback', 12000, FALSE, 1, 15);
INSERT INTO status (status_id, fuel, bodywork, mileage, has_winter_tyres, tuning_id, engine_id) VALUES (46, '100%', 'liftback', 12000, FALSE, 4, 16);
INSERT INTO status (status_id, fuel, bodywork, mileage, has_winter_tyres, tuning_id, engine_id) VALUES (47, '100%', 'combi', 12000, FALSE, 1, 17);
INSERT INTO status (status_id, fuel, bodywork, mileage, has_winter_tyres, tuning_id, engine_id) VALUES (48, '100%', 'hatchback', 12000, FALSE, 1, 18);
INSERT INTO status (status_id, fuel, bodywork, mileage, has_winter_tyres, tuning_id, engine_id) VALUES (49, '100%', 'hatchback', 12000, FALSE, 1, 19);
INSERT INTO status (status_id, fuel, bodywork, mileage, has_winter_tyres, tuning_id, engine_id) VALUES (50, '100%', 'coupe', 12000, FALSE, 4, 10);
INSERT INTO status (status_id, fuel, bodywork, mileage, has_winter_tyres, tuning_id, engine_id) VALUES (51, '100%', 'coupe', 12000, FALSE, 4, 11);

INSERT INTO car (car_id, licence_plate, tank_condition, is_available, status_id, brand_id, equipment_id) VALUES (1, '3BA0000', '100', TRUE, 1, 1, 2);
INSERT INTO car (car_id, licence_plate, tank_condition, is_available, status_id, brand_id, equipment_id) VALUES (2, '3BA0001', '100', TRUE, 2, 2, 5);
INSERT INTO car (car_id, licence_plate, tank_condition, is_available, status_id, brand_id, equipment_id) VALUES (3, '3BA0002', '100', TRUE, 3, 3, 3);
INSERT INTO car (car_id, licence_plate, tank_condition, is_available, status_id, brand_id, equipment_id) VALUES (4, '3BA0003', '100', TRUE, 4, 4, 4);
INSERT INTO car (car_id, licence_plate, tank_condition, is_available, status_id, brand_id, equipment_id) VALUES (5, '3BA0004', '100', TRUE, 5, 5, 2);
INSERT INTO car (car_id, licence_plate, tank_condition, is_available, status_id, brand_id, equipment_id) VALUES (6, '3BA0005', '100', TRUE, 6, 6, 2);
INSERT INTO car (car_id, licence_plate, tank_condition, is_available, status_id, brand_id, equipment_id) VALUES (7, '3BA0006', '100', TRUE, 7, 7, 4);
INSERT INTO car (car_id, licence_plate, tank_condition, is_available, status_id, brand_id, equipment_id) VALUES (8, '3BA0007', '100', FALSE, 8, 8, 2);
INSERT INTO car (car_id, licence_plate, tank_condition, is_available, status_id, brand_id, equipment_id) VALUES (9, '3BA0008', '100', TRUE, 9, 9, 4);
INSERT INTO car (car_id, licence_plate, tank_condition, is_available, status_id, brand_id, equipment_id) VALUES (10, '3BA0009', '100', TRUE, 10, 10, 2);
INSERT INTO car (car_id, licence_plate, tank_condition, is_available, status_id, brand_id, equipment_id) VALUES (11, '3BA0010', '100', TRUE, 11, 11, 6);
INSERT INTO car (car_id, licence_plate, tank_condition, is_available, status_id, brand_id, equipment_id) VALUES (12, '3BA0011', '100', TRUE, 12, 12, 6);
INSERT INTO car (car_id, licence_plate, tank_condition, is_available, status_id, brand_id, equipment_id) VALUES (13, '3BA0012', '100', TRUE, 13, 13, 6);
INSERT INTO car (car_id, licence_plate, tank_condition, is_available, status_id, brand_id, equipment_id) VALUES (14, '3BA0013', '100', TRUE, 14, 14, 6);
INSERT INTO car (car_id, licence_plate, tank_condition, is_available, status_id, brand_id, equipment_id) VALUES (15, '3BA0014', '100', TRUE, 15, 15, 4);
INSERT INTO car (car_id, licence_plate, tank_condition, is_available, status_id, brand_id, equipment_id) VALUES (16, '3BA0015', '100', TRUE, 16, 16, 2);
INSERT INTO car (car_id, licence_plate, tank_condition, is_available, status_id, brand_id, equipment_id) VALUES (17, '3BA0016', '100', TRUE, 17, 17, 2);
INSERT INTO car (car_id, licence_plate, tank_condition, is_available, status_id, brand_id, equipment_id) VALUES (18, '3BA0017', '100', TRUE, 18, 18, 4);
INSERT INTO car (car_id, licence_plate, tank_condition, is_available, status_id, brand_id, equipment_id) VALUES (19, '3BA0018', '100', TRUE, 19, 19, 5);
INSERT INTO car (car_id, licence_plate, tank_condition, is_available, status_id, brand_id, equipment_id) VALUES (20, '3BA0019', '100', TRUE, 20, 20, 5);
INSERT INTO car (car_id, licence_plate, tank_condition, is_available, status_id, brand_id, equipment_id) VALUES (21, '3BA0020', '100', TRUE, 21, 21, 3);
INSERT INTO car (car_id, licence_plate, tank_condition, is_available, status_id, brand_id, equipment_id) VALUES (22, '3BA0021', '100', TRUE, 22, 22, 3);
INSERT INTO car (car_id, licence_plate, tank_condition, is_available, status_id, brand_id, equipment_id) VALUES (23, '3BA0022', '100', TRUE, 23, 23, 6);
INSERT INTO car (car_id, licence_plate, tank_condition, is_available, status_id, brand_id, equipment_id) VALUES (24, '3BA0023', '100', TRUE, 24, 24, 6);
INSERT INTO car (car_id, licence_plate, tank_condition, is_available, status_id, brand_id, equipment_id) VALUES (25, '3BA0024', '100', TRUE, 25, 25, 6);
INSERT INTO car (car_id, licence_plate, tank_condition, is_available, status_id, brand_id, equipment_id) VALUES (26, '3BA0025', '100', TRUE, 26, 26, 6);
INSERT INTO car (car_id, licence_plate, tank_condition, is_available, status_id, brand_id, equipment_id) VALUES (27, '3BA0026', '100', TRUE, 27, 27, 5);
INSERT INTO car (car_id, licence_plate, tank_condition, is_available, status_id, brand_id, equipment_id) VALUES (28, '3BA0027', '100', TRUE, 28, 28, 5);
INSERT INTO car (car_id, licence_plate, tank_condition, is_available, status_id, brand_id, equipment_id) VALUES (29, '3BA0028', '100', TRUE, 29, 29, 6);
INSERT INTO car (car_id, licence_plate, tank_condition, is_available, status_id, brand_id, equipment_id) VALUES (30, '3BA0029', '100', TRUE, 30, 30, 6);
INSERT INTO car (car_id, licence_plate, tank_condition, is_available, status_id, brand_id, equipment_id) VALUES (31, '3BA0030', '100', TRUE, 31, 31, 6);
INSERT INTO car (car_id, licence_plate, tank_condition, is_available, status_id, brand_id, equipment_id) VALUES (32, '3BA0031', '100', TRUE, 32, 32, 5);
INSERT INTO car (car_id, licence_plate, tank_condition, is_available, status_id, brand_id, equipment_id) VALUES (33, '3BA0032', '100', TRUE, 33, 33, 1);
INSERT INTO car (car_id, licence_plate, tank_condition, is_available, status_id, brand_id, equipment_id) VALUES (34, '3BA0033', '100', TRUE, 34, 34, 4);
INSERT INTO car (car_id, licence_plate, tank_condition, is_available, status_id, brand_id, equipment_id) VALUES (35, '3BA0034', '100', TRUE, 35, 35, 2);
INSERT INTO car (car_id, licence_plate, tank_condition, is_available, status_id, brand_id, equipment_id) VALUES (36, '3BA0035', '100', TRUE, 36, 36, 2);
INSERT INTO car (car_id, licence_plate, tank_condition, is_available, status_id, brand_id, equipment_id) VALUES (37, '3BA0036', '100', TRUE, 37, 37, 2);
INSERT INTO car (car_id, licence_plate, tank_condition, is_available, status_id, brand_id, equipment_id) VALUES (38, '3BA0037', '100', TRUE, 38, 38, 2);
INSERT INTO car (car_id, licence_plate, tank_condition, is_available, status_id, brand_id, equipment_id) VALUES (39, '3BA0038', '100', TRUE, 39, 39, 2);
INSERT INTO car (car_id, licence_plate, tank_condition, is_available, status_id, brand_id, equipment_id) VALUES (40, '3BA0039', '100', TRUE, 40, 40, 1);
INSERT INTO car (car_id, licence_plate, tank_condition, is_available, status_id, brand_id, equipment_id) VALUES (41, '3BA0040', '100', TRUE, 41, 41, 1);
INSERT INTO car (car_id, licence_plate, tank_condition, is_available, status_id, brand_id, equipment_id) VALUES (42, '3BA0041', '100', TRUE, 42, 42, 4);
INSERT INTO car (car_id, licence_plate, tank_condition, is_available, status_id, brand_id, equipment_id) VALUES (43, '3BA0042', '100', TRUE, 43, 43, 3);
INSERT INTO car (car_id, licence_plate, tank_condition, is_available, status_id, brand_id, equipment_id) VALUES (44, '3BA0043', '100', TRUE, 44, 44, 2);
INSERT INTO car (car_id, licence_plate, tank_condition, is_available, status_id, brand_id, equipment_id) VALUES (45, '3BA0044', '100', FALSE, 45, 45, 2);
INSERT INTO car (car_id, licence_plate, tank_condition, is_available, status_id, brand_id, equipment_id) VALUES (46, '3BA0045', '100', FALSE, 46, 46, 4);
INSERT INTO car (car_id, licence_plate, tank_condition, is_available, status_id, brand_id, equipment_id) VALUES (47, '3BA0046', '100', TRUE, 47, 47, 4);
INSERT INTO car (car_id, licence_plate, tank_condition, is_available, status_id, brand_id, equipment_id) VALUES (48, '3BA0047', '100', TRUE, 48, 48, 5);
INSERT INTO car (car_id, licence_plate, tank_condition, is_available, status_id, brand_id, equipment_id) VALUES (49, '3BA0048', '100', TRUE, 49, 49, 5);
INSERT INTO car (car_id, licence_plate, tank_condition, is_available, status_id, brand_id, equipment_id) VALUES (50, '3BA0049', '100', TRUE, 50, 50, 3);
INSERT INTO car (car_id, licence_plate, tank_condition, is_available, status_id, brand_id, equipment_id) VALUES (51, '3BA0050', '100', TRUE, 51, 51, 3);

INSERT INTO name (name_id, first_name, last_name) VALUES (1, 'Matěj', 'Hrabálek');
INSERT INTO name (name_id, first_name, last_name) VALUES (2, 'Vladimír', 'Dušek');
INSERT INTO name (name_id, first_name, last_name) VALUES (3, 'Tomáš', 'Nejeschleba');
INSERT INTO name (name_id, first_name, last_name) VALUES (4, 'Libor', 'Petrucha');
INSERT INTO name (name_id, title_before_name, first_name, last_name) VALUES (5, 'Mgr.', 'Martin', 'Hrášek');
INSERT INTO name (name_id, title_before_name, first_name, last_name) VALUES (6, 'Bc.', 'Evžen', 'Polášek');
INSERT INTO name (name_id, first_name, last_name) VALUES (7, 'Michal', 'Hnátek');
INSERT INTO name (name_id, title_before_name, first_name, last_name) VALUES (8, 'Ing.', 'Lubomír', 'Chludil');
INSERT INTO name (name_id, first_name, last_name) VALUES (9, 'Tomáš', 'Němec');
INSERT INTO name (name_id, title_before_name, first_name, last_name) VALUES (10, 'Mgr.', 'Petr', 'Svoboda');
INSERT INTO name (name_id, first_name, last_name) VALUES (11, 'Lukáš', 'Beneš');

INSERT INTO contact (contact_id, phone_number, email) VALUES (1, 765659731, 'matejhrabalek@mail.com');
INSERT INTO contact (contact_id, phone_number, email) VALUES (2, 758655639, 'vladimirdusek@mail.com');
INSERT INTO contact (contact_id, phone_number, email) VALUES (3, 605855771, 'tomasnejeschleba@mail.com');
INSERT INTO contact (contact_id, phone_number, email) VALUES (4, 869675456, 'liborpetrucha@mail.com');
INSERT INTO contact (contact_id, phone_number, email) VALUES (5, 775654538, 'martinhrasek@mail.com');
INSERT INTO contact (contact_id, phone_number, email) VALUES (6, 745654526, 'evzenpolasek@mail.com');
INSERT INTO contact (contact_id, phone_number, email) VALUES (7, 756684552, 'michalhnatek@mail.com');
INSERT INTO contact (contact_id, phone_number, email) VALUES (8, 712350500, 'lubachludil@mail.com');
INSERT INTO contact (contact_id, phone_number, email) VALUES (9, 712350500, 'tomnemec@mail.com');
INSERT INTO contact (contact_id, phone_number, email) VALUES (10, 712350500, 'petrsvoboda@mail.com');
INSERT INTO contact (contact_id, phone_number, email) VALUES (11, 712350500, 'lukasnemec@mail.com');

INSERT INTO address (address_id, city, street, house_number, zip_code, is_our_workplace, is_customers_address) VALUES (1, 'Uherský Brod', 'Brodská', '98', '98673', FALSE, TRUE);
INSERT INTO address (address_id, city, street, house_number, zip_code, is_our_workplace, is_customers_address) VALUES (2, 'Uherský Ostroh', 'Blatnická', '1', '45623', FALSE, TRUE);
INSERT INTO address (address_id, city, street, house_number, zip_code, is_our_workplace, is_customers_address) VALUES (3, 'Polešovice', 'Na dědině', '1007', '42687', FALSE, TRUE);
INSERT INTO address (address_id, city, street, house_number, zip_code, is_our_workplace, is_customers_address) VALUES (4, 'Brno', 'Polní', '105', '42635', FALSE, TRUE);
INSERT INTO address (address_id, city, street, house_number, zip_code, is_our_workplace, is_customers_address) VALUES (5, 'Jihlava', 'Vyvýšená', '2', '12356', FALSE, TRUE);
INSERT INTO address (address_id, city, street, house_number, zip_code, is_our_workplace, is_customers_address) VALUES (6, 'Traplice', 'Babická', '81', '69236', FALSE, TRUE);
INSERT INTO address (address_id, city, street, house_number, zip_code, is_our_workplace, is_customers_address) VALUES (7, 'Blatnice pod Svatým Antonínkem', 'Veselská', '185', '69811', FALSE, TRUE);
INSERT INTO address (address_id, city, street, house_number, zip_code, is_our_workplace, is_customers_address) VALUES (8, 'Kunovice', 'Na Řádku', '662', '69321', FALSE, TRUE);
INSERT INTO address (address_id, city, street, house_number, zip_code, is_our_workplace, is_customers_address) VALUES (9, 'Uherké Hradiště', 'Sady', '33', '69569', FALSE, TRUE);
INSERT INTO address (address_id, city, street, house_number, zip_code, is_our_workplace, is_customers_address) VALUES (10, 'Staré Město', 'Staroměstská', '778', '695698', FALSE, TRUE);
INSERT INTO address (address_id, city, street, house_number, zip_code, is_our_workplace, is_customers_address) VALUES (11, 'Vracov', 'Zahradská', '1302', '69803', FALSE, TRUE);
INSERT INTO address (address_id, city, street, house_number, zip_code, is_our_workplace, is_customers_address) VALUES (12, 'Brno', 'Technická', '12', '69601', TRUE, FALSE);

INSERT INTO employee (employee_id, wage, employed_since, place_of_employment, name_id, contact_id, address_id) VALUES (1, 0.03, '2021-01-05', 'Brno', 7, 7, 7);
INSERT INTO employee (employee_id, wage, employed_since, place_of_employment, name_id, contact_id, address_id) VALUES (2, 0.02, '2021-08-01', 'Brno', 8, 8, 8);
INSERT INTO employee (employee_id, wage, employed_since, place_of_employment, name_id, contact_id, address_id) VALUES (3, 0.014, '2021-05-06', 'Brno', 9, 9, 9);
INSERT INTO employee (employee_id, wage, employed_since, place_of_employment, name_id, contact_id, address_id) VALUES (4, 0.015, '2021-04-24', 'Brno', 10, 10, 10);
INSERT INTO employee (employee_id, wage, employed_since, place_of_employment, name_id, contact_id, address_id) VALUES (5, 0.01, '2021-10-22', 'Brno', 11, 11, 11);

INSERT INTO customer (customer_id, date_of_birth, nationality, address_id, credential_id, contact_id, name_id) VALUES (1, '1998-02-04', 'Czech', 1, 1, 1, 1);
INSERT INTO customer (customer_id, date_of_birth, nationality, address_id, credential_id, contact_id, name_id) VALUES (2, '1988-11-11', 'Czech', 2, 2, 2, 2);
INSERT INTO customer (customer_id, date_of_birth, nationality, address_id, credential_id, contact_id, name_id) VALUES (3, '1956-06-30', 'Czech', 3, 3, 3, 3);
INSERT INTO customer (customer_id, date_of_birth, nationality, address_id, credential_id, contact_id, name_id) VALUES (4, '1993-02-25', 'Czech', 4, 4, 4, 4);
INSERT INTO customer (customer_id, date_of_birth, nationality, address_id, credential_id, contact_id, name_id) VALUES (5, '2001-05-14', 'Czech', 5, 5, 5, 5);
INSERT INTO customer (customer_id, date_of_birth, nationality, address_id, credential_id, contact_id, name_id) VALUES (6, '1974-09-01', 'Czech', 6, 6, 6, 6);

INSERT INTO customer_has_bank (customer_id, bank_id, credit_card_number) VALUES (1, 1, '4568456845682354');
INSERT INTO customer_has_bank (customer_id, bank_id, credit_card_number) VALUES (2, 2, '5698756912254265');
INSERT INTO customer_has_bank (customer_id, bank_id, credit_card_number) VALUES (3, 3, '4523456891220015');
INSERT INTO customer_has_bank (customer_id, bank_id, credit_card_number) VALUES (4, 4, '4265023444220098');
INSERT INTO customer_has_bank (customer_id, bank_id, credit_card_number) VALUES (5, 5, '4268453654104206');
INSERT INTO customer_has_bank (customer_id, bank_id, credit_card_number) VALUES (6, 6, '1235024251440256');

INSERT INTO rent (rent_id, price_of_rent, date_of_pickup, date_of_return, customer_id, pickup_address_id, employee_id, car_id, insurance_id) VALUES (1, 0.01,'2021-10-22', '2021-12-30', 1, 12, 3, 3, 3);
INSERT INTO rent (rent_id, price_of_rent, date_of_pickup, date_of_return, customer_id, pickup_address_id, employee_id, car_id, insurance_id) VALUES (2, 0.09,'2021-11-22', '2021-12-26', 2, 12, 4, 20, 6);
INSERT INTO rent (rent_id, price_of_rent, date_of_pickup, date_of_return, customer_id, pickup_address_id, employee_id, car_id, insurance_id) VALUES (3, 0.1,'2021-11-22', '2022-02-21', 3, 12, 4, 27, 4);
INSERT INTO rent (rent_id, price_of_rent, date_of_pickup, date_of_return, customer_id, pickup_address_id, employee_id, car_id, insurance_id) VALUES (4, 2,'2021-11-03', '2022-06-03', 4, 12, 5, 50, 8);
INSERT INTO rent (rent_id, price_of_rent, date_of_pickup, date_of_return, customer_id, pickup_address_id, employee_id, car_id, insurance_id) VALUES (5, 2.1,'2021-11-11', '2022-06-11', 5, 12, 3, 51, 8);
INSERT INTO rent (rent_id, price_of_rent, date_of_pickup, date_of_return, customer_id, pickup_address_id, employee_id, car_id, insurance_id) VALUES (6, 0.005,'2021-12-02', '2021-12-30', 6, 12, 5, 42, 1);
